,Temperature,Sales
0,28.333333333333332,536
1,27.22222222222222,556
2,26.11111111111111,496
3,23.88888888888889,496
4,22.22222222222222,440
5,17.77777777777778,412
6,16.11111111111111,376
7,11.666666666666666,324
8,9.444444444444445,324
9,5.555555555555555,320
10,4.444444444444445,228
11,2.7777777777777777,292
